x_true,y_true
0.514583,0.345139
0.598958,0.3625
0.652604,0.367361
0.610937,0.364583
0.652604,0.367361
0.511979,0.344444
0.629687,0.365278
0.536979,0.351389
0.583854,0.360417
0.635938,0.365972
0.620833,0.366667
0.560938,0.35625
